time,ax (m/s^2),ay (m/s^2),az (m/s^2),aT (m/s^2)
0.003623,-0.1026,0.0993,-0.1569,0.212
0.004556,-0.1026,0.0993,-0.1569,0.212
0.004949,-0.1737,0.1319,0.4744,0.522
0.005308,-0.1737,0.1319,0.4744,0.522
0.038207,-0.0332,0.0454,0.0440,0.071
0.039346,-0.0332,0.0454,0.0440,0.071
0.060489,-0.2726,-0.0386,0.2179,0.351
0.061520,-0.2726,-0.0386,0.2179,0.351
0.071108,-0.1570,-0.0402,-0.1583,0.227
0.072092,-0.1570,-0.0402,-0.1583,0.227
0.085888,-0.1022,-0.1361,0.2996,0.345
0.087096,-0.1022,-0.1361,0.2996,0.345
0.105754,-0.2978,-0.1855,0.3224,0.476
0.106976,-0.2978,-0.1855,0.3224,0.476
0.125477,-0.5710,-0.2295,0.4077,0.738
0.126668,-0.5710,-0.2295,0.4077,0.738
0.144973,-0.8164,-0.1536,-0.3632,0.907
0.146129,-0.8164,-0.1536,-0.3632,0.907
0.165346,-0.3643,-0.1913,-0.3394,0.533
0.166927,-0.3643,-0.1913,-0.3394,0.533
0.185201,0.0001,-0.3642,0.1411,0.391
0.186265,0.0001,-0.3642,0.1411,0.391
0.205641,-0.0515,-0.4773,0.3587,0.599
0.207175,-0.0515,-0.4773,0.3587,0.599
0.225094,0.0560,-0.7667,-0.3196,0.833
0.226625,0.0560,-0.7667,-0.3196,0.833
0.245666,0.7287,-1.3337,-0.5831,1.628
0.247102,0.7287,-1.3337,-0.5831,1.628
0.273129,1.6167,-1.6026,-0.0881,2.278
0.274745,1.6167,-1.6026,-0.0881,2.278
0.285280,2.1141,-0.7018,-0.1192,2.231
0.287025,2.1141,-0.7018,-0.1192,2.231
0.305586,0.8680,0.6220,-0.2672,1.101
0.308179,0.8680,0.6220,-0.2672,1.101
0.324852,-0.8265,1.5748,-0.6640,1.898
0.325801,-0.8265,1.5748,-0.6640,1.898
0.345878,-0.1848,0.6288,-0.2194,0.691
0.347542,-0.1848,0.6288,-0.2194,0.691
0.366140,0.2134,-0.1136,0.7937,0.830
0.368277,0.2134,-0.1136,0.7937,0.830
0.385617,0.0274,-0.1459,0.0417,0.154
0.386747,0.0274,-0.1459,0.0417,0.154
0.406971,-0.4525,0.1832,-0.1854,0.522
0.408379,-0.4525,0.1832,-0.1854,0.522
0.425845,0.2219,-0.0454,0.4719,0.523
0.427204,0.2219,-0.0454,0.4719,0.523
0.445665,0.1206,-0.5362,0.5344,0.767
0.447332,0.1206,-0.5362,0.5344,0.767
0.465800,0.3296,-0.4631,-0.2385,0.616
0.467894,0.3296,-0.4631,-0.2385,0.616
0.485951,0.8049,-0.8125,-0.0549,1.145
0.488129,0.8049,-0.8125,-0.0549,1.145
0.505894,0.8084,-1.4048,-0.1653,1.629
0.507798,0.8084,-1.4048,-0.1653,1.629
0.525507,0.1089,-1.4135,-1.9417,2.404
0.526811,0.1089,-1.4135,-1.9417,2.404
0.545530,0.5302,-0.6298,0.1015,0.830
0.546573,0.5302,-0.6298,0.1015,0.830
0.569835,0.2709,-0.6238,0.3058,0.746
0.572134,0.2709,-0.6238,0.3058,0.746
0.585274,0.6616,-0.7428,0.3273,1.047
0.587578,0.6616,-0.7428,0.3273,1.047
0.606285,0.1447,-0.9062,-0.0380,0.918
0.608053,0.1447,-0.9062,-0.0380,0.918
0.625440,0.1463,-0.7939,-0.0533,0.809
0.627256,0.1463,-0.7939,-0.0533,0.809
0.645220,-0.1056,-0.3209,0.1738,0.380
0.646233,-0.1056,-0.3209,0.1738,0.380
0.670869,-0.7062,0.3162,-2.1319,2.268
0.672669,-0.7062,0.3162,-2.1319,2.268
0.685601,0.2240,0.1471,0.4721,0.543
0.687629,0.2240,0.1471,0.4721,0.543
0.706044,-0.3191,0.1506,0.5195,0.628
0.707565,-0.3191,0.1506,0.5195,0.628
0.725472,-0.2921,0.0634,-0.0277,0.300
0.727096,-0.2921,0.0634,-0.0277,0.300
0.744782,-0.3820,0.1771,0.2042,0.468
0.746168,-0.3820,0.1771,0.2042,0.468
0.765844,-0.1194,0.5514,0.2653,0.623
0.767862,-0.1194,0.5514,0.2653,0.623
0.785300,0.1468,0.7324,-0.2182,0.778
0.787127,0.1468,0.7324,-0.2182,0.778
0.806258,0.2324,1.1320,-0.8245,1.420
0.807572,0.2324,1.1320,-0.8245,1.420
0.826873,-0.1974,1.4512,-1.2622,1.933
0.828600,-0.1974,1.4512,-1.2622,1.933
0.845523,-0.3068,1.0108,-1.1339,1.550
0.846566,-0.3068,1.0108,-1.1339,1.550
0.866833,0.5548,0.5015,-0.3057,0.808
0.868488,0.5548,0.5015,-0.3057,0.808
0.885498,0.0994,0.0024,0.5906,0.599
0.887389,0.0994,0.0024,0.5906,0.599
0.904675,-1.1747,0.2869,-0.3936,1.272
0.907743,-1.1747,0.2869,-0.3936,1.272
0.928252,-1.6082,1.7777,-1.1683,2.667
0.930582,-1.6082,1.7777,-1.1683,2.667
0.944629,-1.2294,2.3040,-0.8425,2.744
0.946133,-1.2294,2.3040,-0.8425,2.744
0.965161,-1.0698,1.9102,-0.1157,2.192
0.966550,-1.0698,1.9102,-0.1157,2.192
0.984542,-0.6888,0.9678,0.7940,1.429
0.986029,-0.6888,0.9678,0.7940,1.429
1.005020,-0.2781,0.1309,0.6010,0.675
1.006843,-0.2781,0.1309,0.6010,0.675
1.025044,-0.3945,0.5925,0.3473,0.792
1.026374,-0.3945,0.5925,0.3473,0.792
1.044783,-0.8681,1.0167,0.1643,1.347
1.046106,-0.8681,1.0167,0.1643,1.347
1.064981,-1.0231,0.2942,0.0025,1.065
1.065992,-1.0231,0.2942,0.0025,1.065
1.085167,-1.0866,-1.2293,1.3238,2.108
1.086826,-1.0866,-1.2293,1.3238,2.108
1.105460,-0.4403,-2.8149,0.5912,2.910
1.107427,-0.4403,-2.8149,0.5912,2.910
1.125926,-0.2798,-3.2858,-0.1182,3.300
1.127709,-0.2798,-3.2858,-0.1182,3.300
1.145188,-0.4532,-2.7001,-0.4454,2.774
1.147852,-0.4532,-2.7001,-0.4454,2.774
1.165095,-0.1189,-2.1039,-0.5216,2.171
1.167817,-0.1189,-2.1039,-0.5216,2.171
1.184556,0.3128,-2.1503,-0.5914,2.252
1.186827,0.3128,-2.1503,-0.5914,2.252
1.204890,0.7744,-2.3666,-0.2974,2.508
1.206241,0.7744,-2.3666,-0.2974,2.508
1.224644,0.3487,-2.0238,-0.2059,2.064
1.226691,0.3487,-2.0238,-0.2059,2.064
1.244774,-0.1833,-0.9797,0.3077,1.043
1.246244,-0.1833,-0.9797,0.3077,1.043
1.265382,-0.6451,-0.0673,0.9555,1.155
1.267306,-0.6451,-0.0673,0.9555,1.155
1.284746,-0.4625,0.0694,1.2558,1.340
1.286362,-0.4625,0.0694,1.2558,1.340
1.304858,-0.3996,-0.1538,0.3271,0.539
1.306762,-0.3996,-0.1538,0.3271,0.539
1.324556,-0.6073,0.0611,0.1966,0.641
1.326320,-0.6073,0.0611,0.1966,0.641
1.344492,-0.6098,0.5696,0.7581,1.127
1.345479,-0.6098,0.5696,0.7581,1.127
1.365183,-0.2312,0.8944,0.3011,0.972
1.366561,-0.2312,0.8944,0.3011,0.972
1.384932,0.2567,1.9472,-0.1427,1.969
1.386661,0.2567,1.9472,-0.1427,1.969
1.404786,0.6907,2.8052,-1.0661,3.079
1.406382,0.6907,2.8052,-1.0661,3.079
1.425316,0.7786,4.7510,-0.5020,4.841
1.427440,0.7786,4.7510,-0.5020,4.841
1.444571,0.2842,3.7590,-0.9294,3.883
1.445907,0.2842,3.7590,-0.9294,3.883
1.464551,0.4433,1.0874,-0.5080,1.279
1.465807,0.4433,1.0874,-0.5080,1.279
1.484666,1.2748,-1.6409,-0.3130,2.101
1.487182,1.2748,-1.6409,-0.3130,2.101
1.506223,2.0036,-1.3284,-0.4457,2.445
1.507933,2.0036,-1.3284,-0.4457,2.445
1.525417,1.5664,1.2602,-0.3029,2.033
1.526934,1.5664,1.2602,-0.3029,2.033
1.544531,1.0793,3.4654,-0.1235,3.632
1.546107,1.0793,3.4654,-0.1235,3.632
1.566875,-0.0506,3.3651,-0.1624,3.369
1.570072,-0.0506,3.3651,-0.1624,3.369
1.584702,0.0135,1.2096,0.1657,1.221
1.586279,0.0135,1.2096,0.1657,1.221
1.604601,0.1811,-0.5543,0.9800,1.140
1.606038,0.1811,-0.5543,0.9800,1.140
1.632068,-0.2039,-0.6980,1.0137,1.248
1.633973,-0.2039,-0.6980,1.0137,1.248
1.651121,-0.0001,-0.1985,0.7355,0.762
1.652764,-0.0001,-0.1985,0.7355,0.762
1.666671,0.2121,-0.4079,0.2151,0.508
1.668358,0.2121,-0.4079,0.2151,0.508
1.684464,0.2118,-1.4271,-0.3246,1.479
1.686306,0.2118,-1.4271,-0.3246,1.479
1.704785,0.0558,-2.7445,-0.2878,2.760
1.706767,0.0558,-2.7445,-0.2878,2.760
1.724745,-0.0540,-3.7373,0.0263,3.738
1.727359,-0.0540,-3.7373,0.0263,3.738
1.744203,0.0018,-3.4055,0.3611,3.425
1.745935,0.0018,-3.4055,0.3611,3.425
1.764429,0.0473,-2.4213,0.1909,2.429
1.766623,0.0473,-2.4213,0.1909,2.429
1.785510,-0.0740,-1.4387,-0.1804,1.452
1.789082,-0.0740,-1.4387,-0.1804,1.452
1.805042,-0.0314,-1.2499,-0.1424,1.258
1.806919,-0.0314,-1.2499,-0.1424,1.258
1.827304,0.4275,-1.8405,0.1349,1.894
1.828861,0.4275,-1.8405,0.1349,1.894
1.844374,0.6773,-1.8028,0.0819,1.928
1.846831,0.6773,-1.8028,0.0819,1.928
1.864214,0.1520,-0.7696,0.0148,0.785
1.865557,0.1520,-0.7696,0.0148,0.785
1.884092,-0.1741,0.1094,0.2069,0.292
1.885536,-0.1741,0.1094,0.2069,0.292
1.903993,-0.3733,0.0135,-0.5621,0.675
1.905026,-0.3733,0.0135,-0.5621,0.675
1.924380,-0.0497,0.4640,-0.5007,0.684
1.926066,-0.0497,0.4640,-0.5007,0.684
1.944183,-0.3408,1.3914,-1.4479,2.037
1.945910,-0.3408,1.3914,-1.4479,2.037
1.966246,-0.6593,1.8129,-1.1662,2.254
1.975384,-0.6593,1.8129,-1.1662,2.254
1.985143,-1.3861,2.1311,-1.3802,2.893
1.987794,-1.3861,2.1311,-1.3802,2.893
2.007154,-0.8546,1.3510,-1.1130,1.948
2.010594,-0.8546,1.3510,-1.1130,1.948
2.023926,-0.3403,1.1880,-0.8876,1.521
2.025554,-0.3403,1.1880,-0.8876,1.521
2.050625,-0.3660,2.0375,-0.0460,2.071
2.053189,-0.3660,2.0375,-0.0460,2.071
2.072745,-0.3075,2.8768,0.0419,2.893
2.074065,-0.3075,2.8768,0.0419,2.893
2.084626,-0.5615,3.6812,-0.5054,3.758
2.086130,-0.5615,3.6812,-0.5054,3.758
2.108134,-0.2918,3.9570,-0.6167,4.015
2.113840,-0.2918,3.9570,-0.6167,4.015
2.124293,0.0495,3.1014,0.0246,3.102
2.125500,0.0495,3.1014,0.0246,3.102
2.144308,0.1447,0.8322,1.0701,1.363
2.146033,0.1447,0.8322,1.0701,1.363
2.164634,-0.4385,-1.1608,0.9749,1.578
2.166748,-0.4385,-1.1608,0.9749,1.578
2.184588,-0.4061,-0.8620,0.8271,1.262
2.185547,-0.4061,-0.8620,0.8271,1.262
2.204157,-0.0428,-0.3860,0.1996,0.437
2.205666,-0.0428,-0.3860,0.1996,0.437
2.224262,0.3417,-1.1855,-0.5874,1.366
2.225915,0.3417,-1.1855,-0.5874,1.366
2.243932,0.5994,-2.3049,-0.1556,2.387
2.245279,0.5994,-2.3049,-0.1556,2.387
2.265014,0.5933,-3.1259,0.0816,3.183
2.269285,0.5933,-3.1259,0.0816,3.183
2.284877,0.3478,-3.0600,0.3639,3.101
2.287233,0.3478,-3.0600,0.3639,3.101
2.304996,-0.1059,-2.7441,0.1279,2.749
2.307106,-0.1059,-2.7441,0.1279,2.749
2.325915,-0.0492,-2.1334,0.0755,2.135
2.327578,-0.0492,-2.1334,0.0755,2.135
2.344263,0.1852,-1.3767,0.4418,1.458
2.346247,0.1852,-1.3767,0.4418,1.458
2.366327,-0.1961,-1.0414,0.3161,1.106
2.368462,-0.1961,-1.0414,0.3161,1.106
2.384137,-0.8235,-0.6416,0.4368,1.132
2.385738,-0.8235,-0.6416,0.4368,1.132
2.404416,-1.1432,-0.7760,0.4734,1.461
2.406195,-1.1432,-0.7760,0.4734,1.461
2.424434,-0.8922,-1.1712,0.3442,1.512
2.425662,-0.8922,-1.1712,0.3442,1.512
2.443465,-0.4251,-0.7799,0.1163,0.896
2.444725,-0.4251,-0.7799,0.1163,0.896
2.464424,0.0101,0.7243,-0.1071,0.732
2.465673,0.0101,0.7243,-0.1071,0.732
2.483827,0.2443,2.7084,-0.2468,2.731
2.485624,0.2443,2.7084,-0.2468,2.731
2.504054,0.2018,3.6750,-1.0392,3.824
2.506019,0.2018,3.6750,-1.0392,3.824
2.524467,0.4065,2.8031,-1.2875,3.111
2.526146,0.4065,2.8031,-1.2875,3.111
2.543989,0.9513,1.7346,-0.5548,2.055
2.545392,0.9513,1.7346,-0.5548,2.055
2.564884,1.2853,1.8763,-0.1958,2.283
2.566798,1.2853,1.8763,-0.1958,2.283
2.583752,1.3703,2.8600,-0.6025,3.228
2.585712,1.3703,2.8600,-0.6025,3.228
2.604014,0.7248,4.3205,-0.3769,4.397
2.605428,0.7248,4.3205,-0.3769,4.397
2.624155,0.5277,2.6376,0.2541,2.702
2.626104,0.5277,2.6376,0.2541,2.702
2.643567,0.1317,0.6998,0.5972,0.929
2.645165,0.1317,0.6998,0.5972,0.929
2.663905,0.1107,-0.2149,0.8568,0.890
2.666355,0.1107,-0.2149,0.8568,0.890
2.683961,-0.0538,-0.0084,0.3869,0.391
2.686739,-0.0538,-0.0084,0.3869,0.391
2.703965,-0.1278,0.4537,-0.0218,0.472
2.705522,-0.1278,0.4537,-0.0218,0.472
2.724259,-0.1602,0.1405,0.1685,0.272
2.725674,-0.1602,0.1405,0.1685,0.272
2.743774,0.0990,-0.6131,0.7679,0.988
2.745024,0.0990,-0.6131,0.7679,0.988
2.765394,0.2432,-1.4138,0.6938,1.594
2.767424,0.2432,-1.4138,0.6938,1.594
2.783917,0.1389,-1.7667,0.0917,1.775
2.786021,0.1389,-1.7667,0.0917,1.775
2.803877,-0.1745,-1.6442,-0.2160,1.668
2.806133,-0.1745,-1.6442,-0.2160,1.668
2.824606,-0.0925,-1.5982,-0.0508,1.602
2.825787,-0.0925,-1.5982,-0.0508,1.602
2.843882,0.2827,-1.7883,0.2340,1.826
2.845531,0.2827,-1.7883,0.2340,1.826
2.863595,0.5067,-1.8698,0.6576,2.046
2.865065,0.5067,-1.8698,0.6576,2.046
2.884116,0.4636,-1.5675,0.7106,1.782
2.885657,0.4636,-1.5675,0.7106,1.782
2.904202,0.1532,-0.9030,-0.0994,0.921
2.905583,0.1532,-0.9030,-0.0994,0.921
2.923613,0.1154,-0.5895,-0.0312,0.601
2.925434,0.1154,-0.5895,-0.0312,0.601
2.944146,0.3916,-1.1281,0.3135,1.235
2.946198,0.3916,-1.1281,0.3135,1.235
2.964234,0.2857,-1.6191,0.3168,1.674
2.967051,0.2857,-1.6191,0.3168,1.674
2.984573,0.0464,-1.3730,0.5434,1.477
2.986181,0.0464,-1.3730,0.5434,1.477
3.004175,-0.0752,-0.8698,0.3883,0.956
3.005875,-0.0752,-0.8698,0.3883,0.956
3.024001,-0.2939,-0.3343,-0.0346,0.446
3.025052,-0.2939,-0.3343,-0.0346,0.446
3.044020,-0.6038,-0.0972,-0.4026,0.732
3.045792,-0.6038,-0.0972,-0.4026,0.732
3.065030,-0.8790,0.2927,-1.1973,1.514
3.066804,-0.8790,0.2927,-1.1973,1.514
3.084124,-1.4229,0.8803,-1.2505,2.089
3.085654,-1.4229,0.8803,-1.2505,2.089
3.103839,-1.2855,1.3352,-0.1165,1.857
3.105111,-1.2855,1.3352,-0.1165,1.857
3.125656,-0.9094,0.9905,-0.4918,1.432
3.127320,-0.9094,0.9905,-0.4918,1.432
3.143793,-0.3120,0.0911,-0.8279,0.889
3.145085,-0.3120,0.0911,-0.8279,0.889
3.164000,0.4900,0.2744,-0.6318,0.845
3.165260,0.4900,0.2744,-0.6318,0.845
3.184357,0.3803,1.7081,-0.6305,1.860
3.185455,0.3803,1.7081,-0.6305,1.860
3.203737,0.1539,3.0067,-0.3058,3.026
3.205359,0.1539,3.0067,-0.3058,3.026
3.225326,-0.0729,3.6560,-0.0260,3.657
3.227444,-0.0729,3.6560,-0.0260,3.657
3.244478,-0.2192,2.5655,-0.0576,2.575
3.245422,-0.2192,2.5655,-0.0576,2.575
3.263613,-0.2629,1.7965,0.4280,1.865
3.264594,-0.2629,1.7965,0.4280,1.865
3.284042,-0.4786,2.0809,0.7285,2.256
3.285365,-0.4786,2.0809,0.7285,2.256
3.304497,-0.9376,1.5711,0.3811,1.869
3.308103,-0.9376,1.5711,0.3811,1.869
3.323743,-0.6294,-0.0409,0.4401,0.769
3.324877,-0.6294,-0.0409,0.4401,0.769
3.343635,-0.2676,-1.6722,-0.0852,1.696
3.345465,-0.2676,-1.6722,-0.0852,1.696
3.364702,-0.0944,-2.5017,-0.1143,2.506
3.367007,-0.0944,-2.5017,-0.1143,2.506
3.383650,-0.0325,-2.1844,0.2983,2.205
3.386774,-0.0325,-2.1844,0.2983,2.205
3.404097,0.0899,-1.5821,0.0804,1.587
3.406055,0.0899,-1.5821,0.0804,1.587
3.424932,-0.0408,-1.5241,-0.1591,1.533
3.427441,-0.0408,-1.5241,-0.1591,1.533
3.443748,-0.0408,-2.3083,0.2435,2.321
3.444921,-0.0408,-2.3083,0.2435,2.321
3.464228,-0.5994,-2.5527,0.7613,2.730
3.466225,-0.5994,-2.5527,0.7613,2.730
3.488325,-0.8984,-2.1947,0.9894,2.570
3.490067,-0.8984,-2.1947,0.9894,2.570
3.503703,-0.8122,-1.5459,0.6772,1.873
3.504954,-0.8122,-1.5459,0.6772,1.873
3.523659,-0.3740,-0.8974,0.0917,0.976
3.525031,-0.3740,-0.8974,0.0917,0.976
3.543163,-0.0571,-0.4483,0.1902,0.490
3.544515,-0.0571,-0.4483,0.1902,0.490
3.563871,-0.2821,0.0810,0.3293,0.441
3.565498,-0.2821,0.0810,0.3293,0.441
3.583345,0.1277,0.1691,0.1984,0.290
3.584362,0.1277,0.1691,0.1984,0.290
3.603513,0.5714,0.5944,-0.2981,0.877
3.604903,0.5714,0.5944,-0.2981,0.877
3.623540,0.7230,1.7648,-0.7480,2.049
3.625670,0.7230,1.7648,-0.7480,2.049
3.643509,0.8548,3.0568,-0.3804,3.197
3.645428,0.8548,3.0568,-0.3804,3.197
3.663878,0.8880,3.0163,-0.3346,3.162
3.665897,0.8880,3.0163,-0.3346,3.162
3.683368,0.7081,2.0338,-0.4708,2.204
3.684803,0.7081,2.0338,-0.4708,2.204
3.703209,1.4008,0.7385,-0.5943,1.691
3.704708,1.4008,0.7385,-0.5943,1.691
3.732727,1.7107,1.5283,-0.5421,2.357
3.739323,1.7107,1.5283,-0.5421,2.357
3.753658,1.6809,3.7407,-0.0047,4.101
3.755779,1.6809,3.7407,-0.0047,4.101
3.763347,0.1618,6.1662,-0.0378,6.168
3.765232,0.1618,6.1662,-0.0378,6.168
3.783307,-0.0841,3.1793,0.8134,3.283
3.785509,-0.0841,3.1793,0.8134,3.283
3.802922,0.2804,-0.0842,0.9099,0.956
3.805565,0.2804,-0.0842,0.9099,0.956
3.823290,0.5318,-1.7410,0.4303,1.871
3.824766,0.5318,-1.7410,0.4303,1.871
3.842945,0.4683,-1.2146,0.6664,1.462
3.844556,0.4683,-1.2146,0.6664,1.462
3.863320,0.1407,-0.9627,0.2158,0.997
3.864545,0.1407,-0.9627,0.2158,0.997
3.883236,0.0392,-0.7124,0.7666,1.047
3.884751,0.0392,-0.7124,0.7666,1.047
3.904710,0.0447,-1.1138,0.5103,1.226
3.907367,0.0447,-1.1138,0.5103,1.226
3.923656,0.4917,-1.4366,0.1182,1.523
3.925953,0.4917,-1.4366,0.1182,1.523
3.943146,0.5739,-1.5418,0.2060,1.658
3.944857,0.5739,-1.5418,0.2060,1.658
3.963244,0.1209,-1.5606,0.2432,1.584
3.965057,0.1209,-1.5606,0.2432,1.584
3.983188,-0.3728,-1.6863,0.0591,1.728
3.985058,-0.3728,-1.6863,0.0591,1.728
4.002998,-0.0216,-2.0208,-0.0956,2.023
4.004778,-0.0216,-2.0208,-0.0956,2.023
4.022895,0.2215,-2.1113,0.2850,2.142
4.024370,0.2215,-2.1113,0.2850,2.142
4.057792,0.0973,-1.9809,0.3281,2.010
4.059782,0.0973,-1.9809,0.3281,2.010
4.062700,-0.3466,-1.8564,0.1421,1.894
4.064760,-0.3466,-1.8564,0.1421,1.894
4.083366,-0.5341,-1.7301,-0.1895,1.821
4.085229,-0.5341,-1.7301,-0.1895,1.821
4.102605,-0.3161,-1.5600,-0.3379,1.627
4.104845,-0.3161,-1.5600,-0.3379,1.627
4.122605,0.1825,-1.3198,-0.2795,1.361
4.124135,0.1825,-1.3198,-0.2795,1.361
4.143033,0.0998,-1.3350,-0.3939,1.396
4.145075,0.0998,-1.3350,-0.3939,1.396
4.166798,-0.1180,-1.5900,-0.5255,1.679
4.171646,-0.1180,-1.5900,-0.5255,1.679
4.197245,0.0347,-1.3292,-0.6764,1.492
4.199002,0.0347,-1.3292,-0.6764,1.492
4.202256,0.0691,0.8856,-1.1558,1.458
4.203095,0.0691,0.8856,-1.1558,1.458
4.222098,-0.1094,2.8097,-1.1959,3.056
4.223518,-0.1094,2.8097,-1.1959,3.056
4.242067,-0.8548,3.4198,-1.3153,3.762
4.243506,-0.8548,3.4198,-1.3153,3.762
4.262833,-0.9705,2.4191,-1.0189,2.799
4.264606,-0.9705,2.4191,-1.0189,2.799
4.282987,-0.6184,0.9103,-0.0503,1.102
4.284540,-0.6184,0.9103,-0.0503,1.102
4.302918,-0.6787,0.5865,-0.3105,0.949
4.304824,-0.6787,0.5865,-0.3105,0.949
4.323190,-0.2510,1.8925,-0.0750,1.911
4.324672,-0.2510,1.8925,-0.0750,1.911
4.342230,0.2541,3.0857,-0.7284,3.181
4.343829,0.2541,3.0857,-0.7284,3.181
4.364661,0.6959,4.6184,-0.0325,4.671
4.366593,0.6959,4.6184,-0.0325,4.671
4.385687,0.1135,4.6799,0.0576,4.682
4.388705,0.1135,4.6799,0.0576,4.682
4.401958,-1.3151,2.0440,-0.8384,2.571
4.403677,-1.3151,2.0440,-0.8384,2.571
4.422566,-1.4508,0.2691,0.3423,1.515
4.423410,-1.4508,0.2691,0.3423,1.515
4.442356,-1.1148,0.3471,1.4107,1.831
4.443634,-1.1148,0.3471,1.4107,1.831
4.462368,-0.6361,0.4747,1.1528,1.400
4.463642,-0.6361,0.4747,1.1528,1.400
4.482781,-0.4357,-0.5088,0.3400,0.751
4.484493,-0.4357,-0.5088,0.3400,0.751
4.501806,-0.3369,-1.7988,0.1189,1.834
4.503650,-0.3369,-1.7988,0.1189,1.834
4.522110,0.0561,-2.5343,-0.1123,2.537
4.524068,0.0561,-2.5343,-0.1123,2.537
4.541905,0.8830,-2.2449,0.1623,2.418
4.543489,0.8830,-2.2449,0.1623,2.418
4.562497,0.5840,-1.6189,0.2341,1.737
4.563478,0.5840,-1.6189,0.2341,1.737
4.582498,-0.1548,-1.4872,-0.0917,1.498
4.583867,-0.1548,-1.4872,-0.0917,1.498
4.601907,-0.4742,-1.6764,0.0398,1.743
4.603307,-0.4742,-1.6764,0.0398,1.743
4.621947,-0.4065,-1.7351,0.3333,1.813
4.623086,-0.4065,-1.7351,0.3333,1.813
4.642087,-0.3401,-1.2698,0.3624,1.364
4.643285,-0.3401,-1.2698,0.3624,1.364
4.661994,-0.5713,-0.6246,0.5569,1.013
4.663116,-0.5713,-0.6246,0.5569,1.013
4.682294,-0.8199,-0.1428,0.4829,0.962
4.684604,-0.8199,-0.1428,0.4829,0.962
4.701705,-0.9163,-0.0131,0.1841,0.935
4.702898,-0.9163,-0.0131,0.1841,0.935
4.721934,-0.6224,0.0242,-0.0838,0.628
4.724092,-0.6224,0.0242,-0.0838,0.628
4.742800,-0.0538,0.3609,0.3370,0.497
4.744046,-0.0538,0.3609,0.3370,0.497
4.762261,-0.1622,1.0906,0.2409,1.129
4.763316,-0.1622,1.0906,0.2409,1.129
4.781540,-0.2000,0.6411,0.0606,0.674
4.782499,-0.2000,0.6411,0.0606,0.674
4.801590,-0.2579,-0.3914,-0.6148,0.773
4.804106,-0.2579,-0.3914,-0.6148,0.773
4.821954,1.0828,-1.0361,-0.6956,1.652
4.824068,1.0828,-1.0361,-0.6956,1.652
4.842099,2.0607,-0.8656,-0.3115,2.257
4.843403,2.0607,-0.8656,-0.3115,2.257
4.862138,1.5126,0.1115,-0.3059,1.547
4.863531,1.5126,0.1115,-0.3059,1.547
4.883207,1.1273,0.6730,-0.1271,1.319
4.885453,1.1273,0.6730,-0.1271,1.319
4.901759,1.0227,0.5869,-0.0436,1.180
4.903435,1.0227,0.5869,-0.0436,1.180
4.922359,1.1860,1.6507,-0.6477,2.133
4.923503,1.1860,1.6507,-0.6477,2.133
4.942094,2.3524,3.4153,-0.5405,4.182
4.943637,2.3524,3.4153,-0.5405,4.182
4.962532,1.3475,5.7448,-0.2585,5.906
4.964470,1.3475,5.7448,-0.2585,5.906
4.982568,-0.0064,4.1627,0.9430,4.268
4.983854,-0.0064,4.1627,0.9430,4.268
5.001768,-0.3239,0.1702,1.4798,1.524
5.004056,-0.3239,0.1702,1.4798,1.524
5.021884,-0.0034,-2.8332,0.6586,2.909
5.023808,-0.0034,-2.8332,0.6586,2.909
5.042234,0.7399,-1.9095,0.5348,2.117
5.043750,0.7399,-1.9095,0.5348,2.117
5.062155,0.6872,0.4249,-0.0164,0.808
5.063793,0.6872,0.4249,-0.0164,0.808
5.081577,0.0864,1.3536,-0.4581,1.432
5.083325,0.0864,1.3536,-0.4581,1.432
5.101772,-0.3601,0.2800,-0.0476,0.459
5.103980,-0.3601,0.2800,-0.0476,0.459
5.121947,-0.0574,-1.3149,-0.0276,1.316
5.123313,-0.0574,-1.3149,-0.0276,1.316
5.141604,0.5499,-2.1616,-0.4601,2.277
5.143094,0.5499,-2.1616,-0.4601,2.277
5.161861,0.4311,-1.5455,-0.7088,1.754
5.163146,0.4311,-1.5455,-0.7088,1.754
5.181343,0.1457,-1.1232,-0.0033,1.133
5.182400,0.1457,-1.1232,-0.0033,1.133
5.201651,-0.6430,-1.1337,-0.4958,1.394
5.204632,-0.6430,-1.1337,-0.4958,1.394
5.221304,-0.5301,-1.4554,-0.5027,1.628
5.222930,-0.5301,-1.4554,-0.5027,1.628
5.241664,0.2377,-1.6833,0.0975,1.703
5.243409,0.2377,-1.6833,0.0975,1.703
5.262669,0.4891,-1.7070,-0.0978,1.778
5.263841,0.4891,-1.7070,-0.0978,1.778
5.281881,0.1263,-1.4926,-0.3290,1.534
5.283463,0.1263,-1.4926,-0.3290,1.534
5.301599,-0.2647,-1.5496,-0.2696,1.595
5.303098,-0.2647,-1.5496,-0.2696,1.595
5.321730,-0.0930,-1.8637,-0.5413,1.943
5.323437,-0.0930,-1.8637,-0.5413,1.943
5.342106,0.3375,-1.8849,-0.5317,1.987
5.343972,0.3375,-1.8849,-0.5317,1.987
5.361965,0.0291,-0.3859,-0.6743,0.777
5.363722,0.0291,-0.3859,-0.6743,0.777
5.381346,-0.4966,1.0927,-1.2995,1.769
5.382920,-0.4966,1.0927,-1.2995,1.769
5.401180,-1.1487,2.4592,-1.4882,3.095
5.402124,-1.1487,2.4592,-1.4882,3.095
5.421798,-1.2846,3.0792,-0.8583,3.445
5.423296,-1.2846,3.0792,-0.8583,3.445
5.441664,-1.0838,2.5760,-1.4874,3.166
5.442979,-1.0838,2.5760,-1.4874,3.166
5.462266,-0.6252,1.0815,-0.6727,1.419
5.463440,-0.6252,1.0815,-0.6727,1.419
5.481632,-0.4511,-0.6307,0.7264,1.063
5.483355,-0.4511,-0.6307,0.7264,1.063
5.501279,-1.3000,-0.4363,-0.2126,1.388
5.502382,-1.3000,-0.4363,-0.2126,1.388
5.521243,0.1741,2.9275,1.1758,3.160
5.522907,0.1741,2.9275,1.1758,3.160
5.541528,-0.5491,8.4425,0.2151,8.463
5.542675,-0.5491,8.4425,0.2151,8.463
5.563722,-1.0634,9.8710,1.0708,9.986
5.565907,-1.0634,9.8710,1.0708,9.986
5.581832,-1.0161,2.7726,1.5063,3.315
5.583122,-1.0161,2.7726,1.5063,3.315
5.601854,-1.1065,-1.3924,2.1586,2.797
5.603556,-1.1065,-1.3924,2.1586,2.797
5.621951,-0.5063,-2.4683,1.7851,3.088
5.623604,-0.5063,-2.4683,1.7851,3.088
5.641495,0.1546,-2.0017,1.1339,2.306
5.643354,0.1546,-2.0017,1.1339,2.306
5.662745,0.7780,-2.6063,0.6005,2.785
5.664423,0.7780,-2.6063,0.6005,2.785
5.681681,0.5940,-3.1916,0.2449,3.256
5.682971,0.5940,-3.1916,0.2449,3.256
5.701752,-0.0455,-3.0169,0.2695,3.029
5.704800,-0.0455,-3.0169,0.2695,3.029
5.722115,-0.6148,-2.2974,0.1340,2.382
5.724243,-0.6148,-2.2974,0.1340,2.382
5.742274,-1.0581,-1.3665,-0.2159,1.742
5.743836,-1.0581,-1.3665,-0.2159,1.742
5.761948,-0.5029,-1.6304,0.2826,1.729
5.763683,-0.5029,-1.6304,0.2826,1.729
5.781540,-0.1489,-2.6190,0.7796,2.737
5.782634,-0.1489,-2.6190,0.7796,2.737
5.801086,-0.2056,-2.4522,1.0173,2.663
5.803200,-0.2056,-2.4522,1.0173,2.663
5.821508,-0.5241,-1.5064,0.2584,1.616
5.824238,-0.5241,-1.5064,0.2584,1.616
5.841916,-0.4426,-0.0014,0.2029,0.487
5.843376,-0.4426,-0.0014,0.2029,0.487
5.861355,-0.3113,-0.1099,0.1516,0.363
5.862309,-0.3113,-0.1099,0.1516,0.363
5.882115,-0.2160,-1.0420,0.5572,1.201
5.883447,-0.2160,-1.0420,0.5572,1.201
5.901172,-0.3272,-1.3736,0.3911,1.465
5.902614,-0.3272,-1.3736,0.3911,1.465
5.921076,-0.2949,-0.2346,0.0071,0.377
5.922174,-0.2949,-0.2346,0.0071,0.377
5.941258,-0.0320,1.1429,-0.3502,1.196
5.943082,-0.0320,1.1429,-0.3502,1.196
5.961290,-0.4143,2.0754,-0.2833,2.135
5.961977,-0.4143,2.0754,-0.2833,2.135
5.981675,-0.1505,1.4827,0.7150,1.653
5.987467,-0.1505,1.4827,0.7150,1.653
6.001568,0.2895,0.8773,0.1778,0.941
6.002725,0.2895,0.8773,0.1778,0.941
6.021393,0.7843,0.5958,-1.1235,1.494
6.022852,0.7843,0.5958,-1.1235,1.494
6.042227,1.2425,0.4963,-1.3768,1.920
6.043489,1.2425,0.4963,-1.3768,1.920
6.061453,2.8172,0.4789,-0.4101,2.887
6.063800,2.8172,0.4789,-0.4101,2.887
6.080950,2.1486,2.4543,0.0111,3.262
6.082379,2.1486,2.4543,0.0111,3.262
6.101388,0.7056,4.5839,-0.7166,4.693
6.104509,0.7056,4.5839,-0.7166,4.693
6.121747,1.2964,5.4874,-0.3223,5.648
6.124665,1.2964,5.4874,-0.3223,5.648
6.141286,1.5425,3.5416,-0.2525,3.871
6.143356,1.5425,3.5416,-0.2525,3.871
6.161950,1.0110,1.1959,0.5997,1.677
6.163919,1.0110,1.1959,0.5997,1.677
6.181740,0.4376,-0.2049,1.1139,1.214
6.183600,0.4376,-0.2049,1.1139,1.214
6.201433,0.0376,-0.8192,0.8923,1.212
6.203190,0.0376,-0.8192,0.8923,1.212
6.222052,0.2580,-1.0403,0.5771,1.217
6.223755,0.2580,-1.0403,0.5771,1.217
6.240671,0.6794,-1.6668,0.2504,1.817
6.241826,0.6794,-1.6668,0.2504,1.817
6.262596,0.3916,-1.9014,0.2180,1.954
6.264217,0.3916,-1.9014,0.2180,1.954
6.284026,-0.2375,-1.9925,0.5877,2.091
6.287655,-0.2375,-1.9925,0.5877,2.091
6.308678,-0.4938,-1.8424,0.5377,1.982
6.309995,-0.4938,-1.8424,0.5377,1.982
6.321936,-0.0070,-1.4289,0.5004,1.514
6.324324,-0.0070,-1.4289,0.5004,1.514
6.341257,0.5864,-1.4078,0.4092,1.579
6.342769,0.5864,-1.4078,0.4092,1.579
6.360600,0.6795,-1.7627,0.2387,1.904
6.361678,0.6795,-1.7627,0.2387,1.904
6.381585,0.1794,-1.7523,-0.2987,1.787
6.383044,0.1794,-1.7523,-0.2987,1.787
6.401502,0.0764,-1.3460,-0.2006,1.363
6.403260,0.0764,-1.3460,-0.2006,1.363
6.423342,0.2494,-0.9917,0.0523,1.024
6.425020,0.2494,-0.9917,0.0523,1.024
6.442107,0.1501,-0.7353,0.1431,0.764
6.444170,0.1501,-0.7353,0.1431,0.764
6.461077,0.1385,-0.4857,0.3952,0.641
6.463050,0.1385,-0.4857,0.3952,0.641
6.482030,0.0548,-0.1573,0.2402,0.292
6.483911,0.0548,-0.1573,0.2402,0.292
6.501222,-0.7174,0.2178,-0.7516,1.062
6.503522,-0.7174,0.2178,-0.7516,1.062
6.520782,-0.7346,0.2729,-0.1880,0.806
6.522074,-0.7346,0.2729,-0.1880,0.806
6.541005,-1.1362,0.8901,-0.0525,1.444
6.542949,-1.1362,0.8901,-0.0525,1.444
6.561378,-1.7586,2.6213,-0.1816,3.162
6.563550,-1.7586,2.6213,-0.1816,3.162
6.580622,-1.6953,4.2265,-1.3741,4.757
6.582312,-1.6953,4.2265,-1.3741,4.757
6.601211,-1.1196,3.6514,-2.5900,4.615
6.604449,-1.1196,3.6514,-2.5900,4.615
6.620740,0.1040,1.5500,-0.1990,1.566
6.622378,0.1040,1.5500,-0.1990,1.566
6.640986,-0.3895,0.0823,0.3061,0.502
6.642883,-0.3895,0.0823,0.3061,0.502
6.659850,-1.4134,2.0325,0.3461,2.500
6.660753,-1.4134,2.0325,0.3461,2.500
6.679658,-0.3857,5.6715,-0.7734,5.737
6.681410,-0.3857,5.6715,-0.7734,5.737
6.702186,-0.2686,7.2855,-1.3806,7.420
6.703832,-0.2686,7.2855,-1.3806,7.420
6.719483,-0.6269,3.5885,0.6125,3.694
6.721888,-0.6269,3.5885,0.6125,3.694
6.739334,-0.9333,-0.5264,0.9376,1.424
6.740477,-0.9333,-0.5264,0.9376,1.424
6.759736,-0.5182,-2.6722,0.1185,2.725
6.761267,-0.5182,-2.6722,0.1185,2.725
6.780061,0.9473,-2.6383,-0.0865,2.805
6.782106,0.9473,-2.6383,-0.0865,2.805
6.799986,1.3991,-1.8744,-0.0636,2.340
6.801389,1.3991,-1.8744,-0.0636,2.340
6.820613,0.6442,-0.7635,-0.1446,1.009
6.821998,0.6442,-0.7635,-0.1446,1.009
6.840738,-0.3058,-0.5464,0.0364,0.627
6.842201,-0.3058,-0.5464,0.0364,0.627
6.859820,-0.9847,-1.3503,-0.0493,1.672
6.861198,-0.9847,-1.3503,-0.0493,1.672
6.880199,-0.9430,-2.1484,-0.0688,2.347
6.882517,-0.9430,-2.1484,-0.0688,2.347
6.900447,-0.9838,-2.3043,0.0850,2.507
6.902824,-0.9838,-2.3043,0.0850,2.507
6.920084,-0.6622,-1.8142,0.0994,1.934
6.921587,-0.6622,-1.8142,0.0994,1.934
6.947479,-0.3044,-0.1607,0.1864,0.391
6.953968,-0.3044,-0.1607,0.1864,0.391
6.969642,-0.0671,1.4099,-0.0151,1.412
6.971433,-0.0671,1.4099,-0.0151,1.412
6.979825,0.1159,2.0075,-0.2052,2.021
6.981272,0.1159,2.0075,-0.2052,2.021
6.999439,0.2650,1.2978,-0.1325,1.331
7.000765,0.2650,1.2978,-0.1325,1.331
7.019669,0.1865,0.7944,0.1817,0.836
7.021160,0.1865,0.7944,0.1817,0.836
7.039530,0.2404,2.2618,0.1146,2.277
7.041153,0.2404,2.2618,0.1146,2.277
7.060131,1.2685,3.0016,0.5067,3.298
7.061380,1.2685,3.0016,0.5067,3.298
7.080399,0.2513,3.7141,-1.7003,4.093
7.081804,0.2513,3.7141,-1.7003,4.093
7.099957,1.0352,1.3294,-0.7685,1.852
7.101814,1.0352,1.3294,-0.7685,1.852
7.120569,1.9135,-1.1546,-0.3044,2.256
7.122259,1.9135,-1.1546,-0.3044,2.256
7.139564,2.1735,-0.3637,-0.3491,2.231
7.141369,2.1735,-0.3637,-0.3491,2.231
7.160048,1.6603,1.3094,-0.8174,2.267
7.163141,1.6603,1.3094,-0.8174,2.267
7.179910,0.9497,1.8797,-1.6228,2.659
7.182537,0.9497,1.8797,-1.6228,2.659
7.199826,0.4116,1.1067,-0.9645,1.525
7.201569,0.4116,1.1067,-0.9645,1.525
7.221441,0.0914,-0.1461,-0.1762,0.246
7.223467,0.0914,-0.1461,-0.1762,0.246
7.241971,-0.1743,-0.9760,0.7708,1.256
7.244100,-0.1743,-0.9760,0.7708,1.256
7.259811,-0.3668,-1.4913,0.9940,1.829
7.261365,-0.3668,-1.4913,0.9940,1.829
7.280163,-0.4383,-1.6413,0.7485,1.856
7.281852,-0.4383,-1.6413,0.7485,1.856
7.300497,-0.2932,-1.3338,0.5964,1.490
7.302044,-0.2932,-1.3338,0.5964,1.490
7.319949,-0.0166,-1.2944,0.5674,1.413
7.321779,-0.0166,-1.2944,0.5674,1.413
7.339798,0.2146,-1.1050,0.4100,1.198
7.341635,0.2146,-1.1050,0.4100,1.198
7.359522,0.4422,-0.8979,0.4994,1.119
7.360377,0.4422,-0.8979,0.4994,1.119
7.380989,0.4134,-0.7356,0.5742,1.021
7.382733,0.4134,-0.7356,0.5742,1.021
7.414152,0.3475,-0.4896,0.7147,0.933
7.415745,0.3475,-0.4896,0.7147,0.933
7.419418,0.1420,-0.1477,0.5269,0.565
7.420156,0.1420,-0.1477,0.5269,0.565
7.439540,0.2341,0.1418,0.1539,0.314
7.440724,0.2341,0.1418,0.1539,0.314
7.459452,0.3989,0.2185,0.2646,0.526
7.460935,0.3989,0.2185,0.2646,0.526
7.480632,0.3493,0.3897,0.5337,0.747
7.482259,0.3493,0.3897,0.5337,0.747
7.499957,0.0087,0.2967,0.3125,0.431
7.500916,0.0087,0.2967,0.3125,0.431
7.520616,-0.1266,-0.2364,0.3617,0.450
7.522146,-0.1266,-0.2364,0.3617,0.450
7.541136,-0.1051,-0.8187,-0.0456,0.827
7.542287,-0.1051,-0.8187,-0.0456,0.827
7.560214,0.1790,-0.7927,0.1675,0.830
7.561792,0.1790,-0.7927,0.1675,0.830
7.579675,0.3864,0.0072,0.3858,0.546
7.581217,0.3864,0.0072,0.3858,0.546
7.599998,0.4210,0.8617,0.3870,1.034
7.601543,0.4210,0.8617,0.3870,1.034
7.619418,0.5539,1.1393,0.2333,1.288
7.621118,0.5539,1.1393,0.2333,1.288
7.646659,-0.2641,1.6675,-0.7272,1.838
7.648611,-0.2641,1.6675,-0.7272,1.838
7.672157,-0.4920,2.2341,0.0280,2.288
7.673947,-0.4920,2.2341,0.0280,2.288
7.680659,-1.9574,3.9083,-0.7557,4.436
7.681975,-1.9574,3.9083,-0.7557,4.436
7.700282,-2.1718,3.0462,-0.3626,3.759
7.701925,-2.1718,3.0462,-0.3626,3.759
7.719790,-1.7521,0.0332,-0.4081,1.799
7.721166,-1.7521,0.0332,-0.4081,1.799
7.739463,-1.1673,-2.8286,-0.1129,3.062
7.741155,-1.1673,-2.8286,-0.1129,3.062
7.759431,-0.8538,-2.6224,-0.6123,2.825
7.760921,-0.8538,-2.6224,-0.6123,2.825
7.779906,-0.6624,-0.4676,-0.6065,1.013
7.780913,-0.6624,-0.4676,-0.6065,1.013
7.799700,0.1511,1.0483,-0.8006,1.328
7.801803,0.1511,1.0483,-0.8006,1.328
7.821495,0.7358,1.4674,-0.9432,1.893
7.822842,0.7358,1.4674,-0.9432,1.893
7.841643,0.8811,0.9766,-0.1874,1.329
7.843784,0.8811,0.9766,-0.1874,1.329
7.859597,0.1190,0.2249,-0.3960,0.471
7.861314,0.1190,0.2249,-0.3960,0.471
7.879467,-0.2165,-0.4819,-0.0222,0.529
7.881925,-0.2165,-0.4819,-0.0222,0.529
7.899873,-0.3619,-1.0125,0.1850,1.091
7.901310,-0.3619,-1.0125,0.1850,1.091
7.919828,-0.2972,-1.1529,0.2747,1.222
7.921119,-0.2972,-1.1529,0.2747,1.222
7.939584,-0.1859,-1.0659,0.5230,1.202
7.941091,-0.1859,-1.0659,0.5230,1.202
7.959511,-0.2965,-0.5663,0.6693,0.926
7.960998,-0.2965,-0.5663,0.6693,0.926
7.980820,-0.4434,-0.1674,0.4298,0.640
7.983073,-0.4434,-0.1674,0.4298,0.640
8.000180,-0.2861,0.0044,0.4345,0.520
8.001966,-0.2861,0.0044,0.4345,0.520
8.019700,0.0008,-0.1481,0.4370,0.461
8.021086,0.0008,-0.1481,0.4370,0.461
8.039593,-0.4118,-0.3873,-0.0192,0.566
8.041159,-0.4118,-0.3873,-0.0192,0.566
8.059516,-0.7390,-0.5333,-0.3566,0.979
8.060215,-0.7390,-0.5333,-0.3566,0.979
8.079805,-0.4196,-1.0849,-0.7186,1.367
8.081911,-0.4196,-1.0849,-0.7186,1.367
8.105018,0.4694,-1.4855,-0.8417,1.771
8.106503,0.4694,-1.4855,-0.8417,1.771
8.120131,0.7025,-0.9828,-0.5607,1.332
8.121389,0.7025,-0.9828,-0.5607,1.332
8.139314,0.3986,-0.2926,-0.2789,0.568
8.141034,0.3986,-0.2926,-0.2789,0.568
8.159574,-0.2030,0.5713,-0.2291,0.648
8.160686,-0.2030,0.5713,-0.2291,0.648
8.179356,-0.8386,1.2969,-0.2178,1.560
8.181252,-0.8386,1.2969,-0.2178,1.560
8.199953,-0.5264,0.9744,-0.1656,1.120
8.201463,-0.5264,0.9744,-0.1656,1.120
8.220141,0.6856,1.2413,0.2131,1.434
8.221880,0.6856,1.2413,0.2131,1.434
8.239488,1.8709,1.8508,-0.0500,2.632
8.240988,1.8709,1.8508,-0.0500,2.632
8.259836,0.8108,3.0642,-1.9349,3.714
8.261542,0.8108,3.0642,-1.9349,3.714
8.280811,1.1987,1.1049,-0.2160,1.645
8.282935,1.1987,1.1049,-0.2160,1.645
8.299458,1.6425,-2.2814,0.9050,2.953
8.302272,1.6425,-2.2814,0.9050,2.953
8.320136,0.3802,-3.7699,-0.2098,3.795
8.322324,0.3802,-3.7699,-0.2098,3.795
8.347061,-0.0710,-1.1621,-0.5413,1.284
8.352562,-0.0710,-1.1621,-0.5413,1.284
8.370870,0.0119,1.6446,-0.9501,1.899
8.372749,0.0119,1.6446,-0.9501,1.899
8.380687,0.1209,3.1323,-0.9740,3.282
8.382184,0.1209,3.1323,-0.9740,3.282
8.400150,0.4327,2.2196,-0.5430,2.326
8.402856,0.4327,2.2196,-0.5430,2.326
8.419733,0.2099,0.6340,-0.0785,0.672
8.421234,0.2099,0.6340,-0.0785,0.672
8.439516,0.0385,-0.5559,0.6488,0.855
8.441156,0.0385,-0.5559,0.6488,0.855
8.459555,-0.1671,-1.0390,0.4507,1.145
8.460647,-0.1671,-1.0390,0.4507,1.145
8.479562,0.0886,-1.1077,0.1315,1.119
8.482176,0.0886,-1.1077,0.1315,1.119
8.499650,0.2482,-0.8720,-0.0355,0.907
8.500866,0.2482,-0.8720,-0.0355,0.907
8.523091,0.2919,-0.8295,0.1691,0.896
8.524594,0.2919,-0.8295,0.1691,0.896
8.541947,0.2730,-1.1958,0.2619,1.254
8.544023,0.2730,-1.1958,0.2619,1.254
8.559358,0.3241,-1.4224,0.6347,1.591
8.560939,0.3241,-1.4224,0.6347,1.591
8.579600,-0.0186,-1.9614,0.4382,2.010
8.582156,-0.0186,-1.9614,0.4382,2.010
8.599143,-0.2531,-2.4378,-0.0507,2.451
8.600856,-0.2531,-2.4378,-0.0507,2.451
8.620739,-0.0776,-2.7202,-0.2691,2.735
8.623321,-0.0776,-2.7202,-0.2691,2.735
8.639832,0.3017,-2.5374,-0.4854,2.601
8.641396,0.3017,-2.5374,-0.4854,2.601
8.659147,0.6229,-2.1186,-0.4359,2.251
8.660922,0.6229,-2.1186,-0.4359,2.251
8.680139,0.7048,-1.4865,-0.2183,1.660
8.681361,0.7048,-1.4865,-0.2183,1.660
8.699381,0.6226,-0.6419,0.0253,0.895
8.700987,0.6226,-0.6419,0.0253,0.895
8.720125,0.3476,0.1083,0.1985,0.415
8.721994,0.3476,0.1083,0.1985,0.415
8.739908,-0.6852,0.5607,0.3152,0.940
8.741377,-0.6852,0.5607,0.3152,0.940
8.759652,-1.1231,0.5834,0.3609,1.316
8.760490,-1.1231,0.5834,0.3609,1.316
8.781190,-0.7237,0.0474,0.3217,0.793
8.786858,-0.7237,0.0474,0.3217,0.793
8.808724,-0.2189,-0.5642,0.3046,0.677
8.810068,-0.2189,-0.5642,0.3046,0.677
8.819962,-0.1324,-0.8595,0.1745,0.887
8.821043,-0.1324,-0.8595,0.1745,0.887
8.839328,-0.6478,-0.9131,0.1271,1.127
8.840454,-0.6478,-0.9131,0.1271,1.127
8.860006,-0.8768,-0.5691,-0.5625,1.187
8.861482,-0.8768,-0.5691,-0.5625,1.187
8.879359,-0.3374,0.2238,-0.2096,0.456
8.880981,-0.3374,0.2238,-0.2096,0.456
8.899558,-0.7123,1.3712,-0.4454,1.608
8.900699,-0.7123,1.3712,-0.4454,1.608
8.920027,-1.6382,1.9029,-1.2214,2.792
8.921842,-1.6382,1.9029,-1.2214,2.792
8.940583,-1.1871,1.1854,-1.1693,2.045
8.942278,-1.1871,1.1854,-1.1693,2.045
8.959258,-0.4350,0.5928,-1.3138,1.506
8.961709,-0.4350,0.5928,-1.3138,1.506
8.979778,0.0323,0.2013,-0.6894,0.719
8.981150,0.0323,0.2013,-0.6894,0.719
8.999222,0.0743,1.3841,0.2261,1.404
9.000777,0.0743,1.3841,0.2261,1.404
9.019865,-0.5772,3.4708,-0.7833,3.605
9.021493,-0.5772,3.4708,-0.7833,3.605
9.047282,-0.5885,6.3061,-1.4215,6.491
9.049902,-0.5885,6.3061,-1.4215,6.491
9.070318,0.0115,5.4805,-1.2504,5.621
9.072304,0.0115,5.4805,-1.2504,5.621
9.080262,0.1332,2.2815,0.7640,2.410
9.081959,0.1332,2.2815,0.7640,2.410
9.099352,-1.0174,-0.0664,1.9506,2.201
9.100969,-1.0174,-0.0664,1.9506,2.201
9.119498,-1.5950,-0.8166,1.4375,2.297
9.121446,-1.5950,-0.8166,1.4375,2.297
9.139653,-0.8906,-0.2772,0.6959,1.164
9.141304,-0.8906,-0.2772,0.6959,1.164
9.158828,-0.0302,-0.2039,0.0784,0.221
9.159922,-0.0302,-0.2039,0.0784,0.221
9.180039,0.1882,-0.8328,-0.1544,0.868
9.181051,0.1882,-0.8328,-0.1544,0.868
9.206957,-0.0834,-1.4400,-0.1101,1.447
9.208638,-0.0834,-1.4400,-0.1101,1.447
9.218910,-0.1077,-1.8325,0.5750,1.924
9.219660,-0.1077,-1.8325,0.5750,1.924
9.239275,-0.2413,-2.1775,0.0964,2.193
9.241325,-0.2413,-2.1775,0.0964,2.193
9.258833,0.0267,-2.4574,-0.0978,2.459
9.260917,0.0267,-2.4574,-0.0978,2.459
9.280242,0.2066,-2.2795,0.0427,2.289
9.282735,0.2066,-2.2795,0.0427,2.289
9.298920,0.1001,-2.1278,0.0687,2.131
9.300234,0.1001,-2.1278,0.0687,2.131
9.319413,0.1255,-1.6531,0.3771,1.700
9.320411,0.1255,-1.6531,0.3771,1.700
9.339371,0.0823,-1.5977,0.6311,1.720
9.341058,0.0823,-1.5977,0.6311,1.720
9.358844,0.0545,-2.0959,0.4934,2.154
9.360726,0.0545,-2.0959,0.4934,2.154
9.379722,-0.1409,-2.2754,0.1724,2.286
9.381943,-0.1409,-2.2754,0.1724,2.286
9.399350,-0.0309,-1.7141,-0.1467,1.721
9.400828,-0.0309,-1.7141,-0.1467,1.721
9.419914,-0.0138,-0.5595,0.0773,0.565
9.421961,-0.0138,-0.5595,0.0773,0.565
9.438882,-0.0317,-0.0373,0.1364,0.145
9.440121,-0.0317,-0.0373,0.1364,0.145
9.458838,-0.3066,-0.1370,0.1244,0.358
9.459511,-0.3066,-0.1370,0.1244,0.358
9.480356,-0.3550,-0.0438,-0.0892,0.369
9.485027,-0.3550,-0.0438,-0.0892,0.369
9.508438,0.0587,0.4951,-0.2570,0.561
9.509590,0.0587,0.4951,-0.2570,0.561
9.519822,0.5553,0.4037,0.1174,0.697
9.520966,0.5553,0.4037,0.1174,0.697
9.539017,0.5065,0.1687,-0.1420,0.552
9.540210,0.5065,0.1687,-0.1420,0.552
9.559453,0.9019,0.3591,-0.6372,1.161
9.560928,0.9019,0.3591,-0.6372,1.161
9.580725,1.2585,1.0088,-1.5264,2.221
9.583935,1.2585,1.0088,-1.5264,2.221
9.599305,1.9731,1.7529,-1.4253,3.000
9.600608,1.9731,1.7529,-1.4253,3.000
9.619005,1.5807,3.3291,-1.1372,3.857
9.620923,1.5807,3.3291,-1.1372,3.857
9.639171,1.4303,4.9637,-0.3370,5.177
9.640871,1.4303,4.9637,-0.3370,5.177
9.658827,-0.6336,6.4656,-1.6391,6.700
9.660870,-0.6336,6.4656,-1.6391,6.700
9.679139,0.3627,3.9605,-0.5490,4.015
9.683074,0.3627,3.9605,-0.5490,4.015
9.698742,0.9204,1.3367,1.2052,2.022
9.700663,0.9204,1.3367,1.2052,2.022
9.719070,0.6749,0.6257,1.1020,1.436
9.721716,0.6749,0.6257,1.1020,1.436
9.738781,0.1846,0.9205,0.6753,1.156
9.739830,0.1846,0.9205,0.6753,1.156
9.758769,0.0788,0.7855,-0.3597,0.868
9.760320,0.0788,0.7855,-0.3597,0.868
9.778504,0.4085,-0.1822,-0.3525,0.569
9.779988,0.4085,-0.1822,-0.3525,0.569
9.799373,0.7946,-1.2965,0.4373,1.582
9.800834,0.7946,-1.2965,0.4373,1.582
9.818919,0.1839,-1.5787,0.6378,1.713
9.820825,0.1839,-1.5787,0.6378,1.713
9.839073,-0.4500,-1.6483,-0.1475,1.715
9.841124,-0.4500,-1.6483,-0.1475,1.715
9.858666,0.1035,-1.7415,0.0232,1.745
9.860133,0.1035,-1.7415,0.0232,1.745
9.878958,0.7875,-1.7610,0.1748,1.937
9.880584,0.7875,-1.7610,0.1748,1.937
9.898788,0.6159,-1.5331,1.2067,2.046
9.900977,0.6159,-1.5331,1.2067,2.046
9.919939,0.1439,-1.4840,1.5698,2.165
9.921709,0.1439,-1.4840,1.5698,2.165
9.938363,-0.1909,-1.6318,0.7257,1.796
9.940528,-0.1909,-1.6318,0.7257,1.796
9.958272,-0.1013,-1.8046,0.1277,1.812
9.960746,-0.1013,-1.8046,0.1277,1.812
9.978864,0.0539,-1.8863,0.1560,1.894
9.980348,0.0539,-1.8863,0.1560,1.894
9.998329,-0.0258,-1.9572,0.2255,1.970
10.000300,-0.0258,-1.9572,0.2255,1.970
10.018777,-0.1948,-1.4768,0.4720,1.563
10.020289,-0.1948,-1.4768,0.4720,1.563
10.038586,-0.1135,-1.3490,0.3678,1.403
10.039824,-0.1135,-1.3490,0.3678,1.403
10.064556,-0.0519,-1.6148,-0.0050,1.616
10.066075,-0.0519,-1.6148,-0.0050,1.616
10.079149,-0.2246,-1.2737,-0.0004,1.293
10.081674,-0.2246,-1.2737,-0.0004,1.293
10.098673,-0.3823,-0.4981,0.0489,0.630
10.100197,-0.3823,-0.4981,0.0489,0.630
10.118043,-0.8557,0.3860,0.0254,0.939
10.120558,-0.8557,0.3860,0.0254,0.939
10.138235,-0.7626,-0.1395,-0.2336,0.810
10.141443,-0.7626,-0.1395,-0.2336,0.810
10.158134,-1.1118,-0.9084,-0.8958,1.692
10.159707,-1.1118,-0.9084,-0.8958,1.692
10.182061,-0.7741,-0.3892,-0.8547,1.217
10.187798,-0.7741,-0.3892,-0.8547,1.217
10.219006,-0.6256,1.7700,-0.6441,1.985
10.220706,-0.6256,1.7700,-0.6441,1.985
10.221350,-0.8422,2.7908,-1.0996,3.116
10.221981,-0.8422,2.7908,-1.0996,3.116
10.240768,-0.8625,2.1632,-1.3853,2.710
10.242537,-0.8625,2.1632,-1.3853,2.710
10.258752,-0.6270,1.9588,-1.6702,2.650
10.260077,-0.6270,1.9588,-1.6702,2.650
10.278595,0.4933,3.5594,-0.0082,3.593
10.281596,0.4933,3.5594,-0.0082,3.593
10.299092,-0.5107,6.7782,-1.0814,6.883
10.300217,-0.5107,6.7782,-1.0814,6.883
10.319526,-0.7447,5.4434,-0.4428,5.512
10.320918,-0.7447,5.4434,-0.4428,5.512
10.337981,-1.1124,2.2672,1.0852,2.749
10.339711,-1.1124,2.2672,1.0852,2.749
10.358094,-1.6132,1.0508,0.8458,2.103
10.359399,-1.6132,1.0508,0.8458,2.103
10.378697,-0.9870,1.0574,0.4103,1.504
10.380954,-0.9870,1.0574,0.4103,1.504
10.398089,-0.5668,1.3508,-0.1912,1.477
10.401023,-0.5668,1.3508,-0.1912,1.477
10.420962,0.1052,0.0419,0.2719,0.295
10.423674,0.1052,0.0419,0.2719,0.295
10.438156,0.4752,-1.7369,0.5901,1.895
10.439131,0.4752,-1.7369,0.5901,1.895
10.460982,0.3618,-2.9337,0.4093,2.984
10.463261,0.3618,-2.9337,0.4093,2.984
10.481807,0.3289,-3.1084,0.4427,3.157
10.483418,0.3289,-3.1084,0.4427,3.157
10.498261,0.2100,-2.9620,-0.0454,2.970
10.500666,0.2100,-2.9620,-0.0454,2.970
10.517864,0.0318,-2.7265,-0.4121,2.758
10.520038,0.0318,-2.7265,-0.4121,2.758
10.537785,-0.1508,-1.8997,0.0898,1.908
10.539892,-0.1508,-1.8997,0.0898,1.908
10.557749,-0.2916,-1.9079,-0.1554,1.936
10.560043,-0.2916,-1.9079,-0.1554,1.936
10.580526,-0.0959,-1.9907,0.2742,2.012
10.581969,-0.0959,-1.9907,0.2742,2.012
10.597579,-0.0045,-2.0410,0.3737,2.075
10.599615,-0.0045,-2.0410,0.3737,2.075
10.617643,0.2427,-1.7071,0.3777,1.765
10.619119,0.2427,-1.7071,0.3777,1.765
10.637651,0.1784,-1.1561,0.5288,1.284
10.639483,0.1784,-1.1561,0.5288,1.284
10.657680,-0.1427,-0.5629,0.5647,0.810
10.659293,-0.1427,-0.5629,0.5647,0.810
10.683666,-0.8609,-0.2537,0.2473,0.931
10.687371,-0.8609,-0.2537,0.2473,0.931
10.699255,-0.6549,-0.9752,0.4266,1.250
10.701051,-0.6549,-0.9752,0.4266,1.250
10.717618,-0.2152,-1.8381,0.0960,1.853
10.719234,-0.2152,-1.8381,0.0960,1.853
10.737755,0.3029,-1.3613,-0.0527,1.396
10.739593,0.3029,-1.3613,-0.0527,1.396
10.757474,0.5595,0.0855,-0.2219,0.608
10.759084,0.5595,0.0855,-0.2219,0.608
10.777929,0.3973,1.0295,-0.6843,1.298
10.779948,0.3973,1.0295,-0.6843,1.298
10.801277,0.4075,1.5632,-0.7635,1.787
10.803207,0.4075,1.5632,-0.7635,1.787
10.817458,0.8164,2.3297,-1.1435,2.721
10.819989,0.8164,2.3297,-1.1435,2.721
10.837595,1.2472,2.8943,-0.9052,3.279
10.839960,1.2472,2.8943,-0.9052,3.279
10.857303,0.9878,2.4973,-0.8923,2.830
10.858940,0.9878,2.4973,-0.8923,2.830
10.878082,0.8245,2.1568,-0.5093,2.365
10.879447,0.8245,2.1568,-0.5093,2.365
10.897518,0.7154,2.7541,0.3583,2.868
10.900201,0.7154,2.7541,0.3583,2.868
10.927903,-0.0831,3.9399,0.2328,3.948
10.929324,-0.0831,3.9399,0.2328,3.948
10.937581,0.6272,3.3394,0.2800,3.409
10.938909,0.6272,3.3394,0.2800,3.409
10.957254,1.3273,2.3951,0.5448,2.792
10.958656,1.3273,2.3951,0.5448,2.792
10.977416,1.0204,1.7097,0.6640,2.099
10.978726,1.0204,1.7097,0.6640,2.099
10.997297,0.3491,1.2695,0.1933,1.331
10.998555,0.3491,1.2695,0.1933,1.331
11.017901,0.2535,0.7594,0.3563,0.876
11.019811,0.2535,0.7594,0.3563,0.876
11.042723,0.3994,0.0333,0.6888,0.797
11.043774,0.3994,0.0333,0.6888,0.797
11.057298,0.0512,-0.6136,0.6148,0.870
11.059514,0.0512,-0.6136,0.6148,0.870
11.077518,-0.2072,-1.0924,0.4064,1.184
11.079313,-0.2072,-1.0924,0.4064,1.184
11.097431,-0.3522,-1.2220,0.2569,1.297
11.099021,-0.3522,-1.2220,0.2569,1.297
11.117216,-0.2413,-1.6309,0.4372,1.706
11.120503,-0.2413,-1.6309,0.4372,1.706
11.137504,-0.0332,-2.2061,0.3632,2.236
11.143225,-0.0332,-2.2061,0.3632,2.236
11.159585,0.0917,-2.4310,0.3334,2.455
11.161145,0.0917,-2.4310,0.3334,2.455
11.185299,-0.0930,-2.1713,-0.0758,2.175
11.186886,-0.0930,-2.1713,-0.0758,2.175
11.198084,0.0233,-1.5941,0.0920,1.597
11.200213,0.0233,-1.5941,0.0920,1.597
11.217392,0.2334,-1.2735,-0.1922,1.309
11.219670,0.2334,-1.2735,-0.1922,1.309
11.237081,0.2574,-0.8494,0.3072,0.939
11.239083,0.2574,-0.8494,0.3072,0.939
11.257006,0.0623,-0.9003,0.8042,1.209
11.258762,0.0623,-0.9003,0.8042,1.209
11.279739,-0.2919,-1.1989,0.5596,1.355
11.281495,-0.2919,-1.1989,0.5596,1.355
11.298602,0.0030,-1.5637,0.5755,1.666
11.299617,0.0030,-1.5637,0.5755,1.666
11.317768,0.2174,-1.8532,0.0789,1.868
11.322049,0.2174,-1.8532,0.0789,1.868
11.342181,-0.3152,-2.0508,-0.5460,2.145
11.344109,-0.3152,-2.0508,-0.5460,2.145
11.358396,-0.6323,-2.1627,-0.1581,2.259
11.360747,-0.6323,-2.1627,-0.1581,2.259
11.376945,-0.6415,-1.7977,0.1005,1.911
11.378004,-0.6415,-1.7977,0.1005,1.911
11.397579,0.0226,-0.7870,-0.1938,0.811
11.399749,0.0226,-0.7870,-0.1938,0.811
11.417436,0.2138,0.7495,-1.7417,1.908
11.420413,0.2138,0.7495,-1.7417,1.908
11.437350,-0.4126,2.0206,-2.5534,3.282
11.438749,-0.4126,2.0206,-2.5534,3.282
11.463296,-1.2442,2.4580,-1.4595,3.118
11.465412,-1.2442,2.4580,-1.4595,3.118
11.477227,-1.5342,2.1277,-0.9116,2.777
11.479705,-1.5342,2.1277,-0.9116,2.777
11.497015,-0.9057,0.8475,-1.5403,1.978
11.498651,-0.9057,0.8475,-1.5403,1.978
11.517242,-0.2908,2.2336,-1.5400,2.729
11.519198,-0.2908,2.2336,-1.5400,2.729
11.536937,0.5744,4.5396,0.1686,4.579
11.539419,0.5744,4.5396,0.1686,4.579
11.557348,-1.7016,8.5240,-1.9154,8.901
11.559330,-1.7016,8.5240,-1.9154,8.901
11.577467,-1.4074,5.2362,-0.6128,5.457
11.579213,-1.4074,5.2362,-0.6128,5.457
11.598602,-1.1505,1.9453,1.4503,2.685
11.601661,-1.1505,1.9453,1.4503,2.685
11.622854,-1.2115,1.1293,1.5851,2.293
11.624583,-1.2115,1.1293,1.5851,2.293
11.637491,-0.8124,0.8039,1.2830,1.718
11.638836,-0.8124,0.8039,1.2830,1.718
11.657101,-0.3634,-0.1431,1.0363,1.107
11.658283,-0.3634,-0.1431,1.0363,1.107
11.676621,-0.0301,-1.2979,0.7429,1.496
11.678305,-0.0301,-1.2979,0.7429,1.496
11.696949,0.5511,-1.9617,0.7737,2.180
11.699268,0.5511,-1.9617,0.7737,2.180
11.720188,1.1091,-2.5916,1.1359,3.039
11.721421,1.1091,-2.5916,1.1359,3.039
11.737135,0.7753,-2.3704,1.4945,2.907
11.738165,0.7753,-2.3704,1.4945,2.907
11.757262,0.2203,-2.1131,0.4301,2.168
11.759542,0.2203,-2.1131,0.4301,2.168
11.776903,-0.3016,-2.7263,1.1798,2.986
11.778795,-0.3016,-2.7263,1.1798,2.986
11.797335,-0.5549,-2.3488,0.6366,2.496
11.799897,-0.5549,-2.3488,0.6366,2.496
11.816838,-0.8379,-1.9815,0.3816,2.185
11.819904,-0.8379,-1.9815,0.3816,2.185
11.836739,-0.5019,-1.6342,0.2610,1.729
11.838179,-0.5019,-1.6342,0.2610,1.729
11.857031,0.2035,-1.3289,0.0072,1.344
11.858293,0.2035,-1.3289,0.0072,1.344
11.876766,0.5790,-1.3196,-0.1421,1.448
11.878584,0.5790,-1.3196,-0.1421,1.448
11.896861,-0.0257,-1.0019,-0.5041,1.122
11.899713,-0.0257,-1.0019,-0.5041,1.122
11.916851,-0.1466,-0.9343,-0.3123,0.996
11.918206,-0.1466,-0.9343,-0.3123,0.996
11.936583,0.4797,-0.8176,-0.1720,0.963
11.938637,0.4797,-0.8176,-0.1720,0.963
11.956811,0.6776,-0.7894,-0.2726,1.075
11.958188,0.6776,-0.7894,-0.2726,1.075
11.976365,0.4285,-0.6248,-0.3713,0.844
11.977037,0.4285,-0.6248,-0.3713,0.844
11.997145,0.1952,-0.4944,-0.2062,0.570
11.999373,0.1952,-0.4944,-0.2062,0.570
12.026072,0.4472,-0.4715,-0.2086,0.683
12.027883,0.4472,-0.4715,-0.2086,0.683
12.038268,0.9701,-0.5507,-0.1446,1.125
12.039738,0.9701,-0.5507,-0.1446,1.125
12.056687,1.3311,-0.1027,-0.6283,1.476
12.058098,1.3311,-0.1027,-0.6283,1.476
12.076543,1.7259,0.7133,-0.4568,1.923
12.078323,1.7259,0.7133,-0.4568,1.923
12.096563,1.1378,1.5645,-0.7883,2.089
12.097887,1.1378,1.5645,-0.7883,2.089
12.116944,0.9921,1.3164,-0.9464,1.901
12.118277,0.9921,1.3164,-0.9464,1.901
12.137003,1.2926,3.3233,0.0077,3.566
12.138778,1.2926,3.3233,0.0077,3.566
12.159495,0.6019,5.8782,-0.1593,5.911
12.161357,0.6019,5.8782,-0.1593,5.911
12.176465,1.1652,7.4639,-1.3031,7.666
12.179108,1.1652,7.4639,-1.3031,7.666
12.197879,1.4025,3.0543,-0.8892,3.477
12.199727,1.4025,3.0543,-0.8892,3.477
12.216190,1.5304,0.1839,1.0632,1.873
12.217912,1.5304,0.1839,1.0632,1.873
12.236592,0.5535,-0.0124,1.9882,2.064
12.238325,0.5535,-0.0124,1.9882,2.064
12.257312,-0.4182,-0.1782,1.2240,1.306
12.259269,-0.4182,-0.1782,1.2240,1.306
12.275990,-0.5559,-0.9240,-0.1993,1.097
12.277094,-0.5559,-0.9240,-0.1993,1.097
12.296523,-0.4328,-1.4507,-0.2858,1.541
12.298015,-0.4328,-1.4507,-0.2858,1.541
12.326708,-0.2885,-1.5639,0.8835,1.819
12.328068,-0.2885,-1.5639,0.8835,1.819
12.340912,-0.1342,-1.6921,0.6305,1.811
12.342746,-0.1342,-1.6921,0.6305,1.811
12.357396,0.0856,-1.7796,-0.0921,1.784
12.359165,0.0856,-1.7796,-0.0921,1.784
12.377648,0.1125,-1.7378,-0.4920,1.810
12.379798,0.1125,-1.7378,-0.4920,1.810
12.396678,0.1082,-1.7415,-0.3078,1.772
12.398598,0.1082,-1.7415,-0.3078,1.772
12.416638,0.0390,-1.4778,0.1105,1.482
12.418971,0.0390,-1.4778,0.1105,1.482
12.444376,0.2070,-1.1998,0.4190,1.288
12.446178,0.2070,-1.1998,0.4190,1.288
12.458307,0.5977,-0.9753,0.2616,1.173
12.460182,0.5977,-0.9753,0.2616,1.173
12.476244,0.8462,-0.7180,-0.2945,1.148
12.477522,0.8462,-0.7180,-0.2945,1.148
12.496322,0.2441,-0.3904,-0.5890,0.748
12.498543,0.2441,-0.3904,-0.5890,0.748
12.516423,-0.5341,0.0962,0.0155,0.543
12.518088,-0.5341,0.0962,0.0155,0.543
12.536671,-1.2465,-0.2280,0.2689,1.295
12.538716,-1.2465,-0.2280,0.2689,1.295
12.556495,-1.3800,-1.4359,-0.1487,1.997
12.557987,-1.3800,-1.4359,-0.1487,1.997
12.574936,-0.8542,-1.8927,-0.4095,2.117
12.576860,-0.8542,-1.8927,-0.4095,2.117
12.596214,-1.2343,0.2588,-0.5729,1.385
12.597986,-1.2343,0.2588,-0.5729,1.385
12.616991,-1.4701,2.1656,-0.6931,2.708
12.620426,-1.4701,2.1656,-0.6931,2.708
12.636570,-0.9852,3.2478,-1.4678,3.698
12.639299,-0.9852,3.2478,-1.4678,3.698
12.656872,-0.4696,2.6743,-1.8381,3.279
12.658659,-0.4696,2.6743,-1.8381,3.279
12.676739,-0.4226,0.5424,-0.4085,0.800
12.677710,-0.4226,0.5424,-0.4085,0.800
12.697248,-0.4521,-1.0765,-0.4695,1.258
12.699474,-0.4521,-1.0765,-0.4695,1.258
12.721304,-1.1170,0.5789,-0.5364,1.368
12.722660,-1.1170,0.5789,-0.5364,1.368
12.736848,-0.6330,2.8384,0.0236,2.908
12.738053,-0.6330,2.8384,0.0236,2.908
12.756255,0.1169,7.0494,-1.2140,7.154
12.758713,0.1169,7.0494,-1.2140,7.154
12.776392,-0.0727,5.7822,-1.6788,6.021
12.778399,-0.0727,5.7822,-1.6788,6.021
12.797145,-1.2371,1.8575,-0.0873,2.233
12.799315,-1.2371,1.8575,-0.0873,2.233
12.816202,-0.9912,-0.7279,3.1346,3.367
12.817603,-0.9912,-0.7279,3.1346,3.367
12.836437,-1.4841,-2.0695,2.0751,3.285
12.838198,-1.4841,-2.0695,2.0751,3.285
12.859697,-0.6900,-2.6142,0.7094,2.795
12.861657,-0.6900,-2.6142,0.7094,2.795
12.875273,0.7589,-2.5655,0.3109,2.693
12.877294,0.7589,-2.5655,0.3109,2.693
12.896685,1.5650,-2.2857,0.0596,2.771
12.898518,1.5650,-2.2857,0.0596,2.771
12.916133,0.3516,-1.6244,-0.2739,1.684
12.917686,0.3516,-1.6244,-0.2739,1.684
12.937079,-0.3481,-1.5171,0.2892,1.583
12.938683,-0.3481,-1.5171,0.2892,1.583
12.956986,-0.5472,-1.8531,-0.1513,1.938
12.958541,-0.5472,-1.8531,-0.1513,1.938
12.976443,-0.4991,-2.2102,-0.8755,2.429
12.977857,-0.4991,-2.2102,-0.8755,2.429
12.999311,-0.5497,-2.1437,-0.1081,2.216
13.002246,-0.5497,-2.1437,-0.1081,2.216
13.032683,-0.7819,-1.5048,0.3090,1.724
13.033802,-0.7819,-1.5048,0.3090,1.724
13.036112,-0.6613,-0.9545,0.4864,1.259
13.036674,-0.6613,-0.9545,0.4864,1.259
13.056327,-0.2848,-0.1867,0.2818,0.442
13.057937,-0.2848,-0.1867,0.2818,0.442
13.076129,0.3893,0.0694,0.3470,0.526
13.077710,0.3893,0.0694,0.3470,0.526
13.095716,0.4965,0.1403,0.0310,0.517
13.096914,0.4965,0.1403,0.0310,0.517
13.116474,0.0786,-0.0604,-0.3738,0.387
13.120006,0.0786,-0.0604,-0.3738,0.387
13.143039,-0.0480,-0.4068,0.0148,0.410
13.144389,-0.0480,-0.4068,0.0148,0.410
13.157702,-0.1791,0.0318,-0.1331,0.225
13.159708,-0.1791,0.0318,-0.1331,0.225
13.174997,0.4075,0.3197,0.2784,0.588
13.176148,0.4075,0.3197,0.2784,0.588
13.195976,0.9521,1.1837,0.7256,1.684
13.197357,0.9521,1.1837,0.7256,1.684
13.215764,1.4132,1.2151,0.1034,1.867
13.217360,1.4132,1.2151,0.1034,1.867
13.236184,1.3120,0.9215,-1.2348,2.024
13.238389,1.3120,0.9215,-1.2348,2.024
13.255616,1.0138,0.7868,-1.8544,2.255
13.257126,1.0138,0.7868,-1.8544,2.255
13.277504,1.7769,1.0019,-0.9090,2.233
13.278820,1.7769,1.0019,-0.9090,2.233
13.296624,2.1248,2.4397,0.0257,3.235
13.298801,2.1248,2.4397,0.0257,3.235
13.316260,2.2889,4.4317,0.1973,4.992
13.317942,2.2889,4.4317,0.1973,4.992
13.336045,1.1168,6.4615,-1.6252,6.756
13.337949,1.1168,6.4615,-1.6252,6.756
13.355536,-0.0234,4.4158,-2.5456,5.097
13.357614,-0.0234,4.4158,-2.5456,5.097
13.375880,0.3014,1.1945,0.2152,1.251
13.376917,0.3014,1.1945,0.2152,1.251
13.396707,0.6155,-0.8924,3.1718,3.352
13.399391,0.6155,-0.8924,3.1718,3.352
13.421964,-0.4772,-1.9233,1.3655,2.407
13.423832,-0.4772,-1.9233,1.3655,2.407
13.436141,-0.7572,-1.3253,0.1895,1.538
13.436945,-0.7572,-1.3253,0.1895,1.538
13.456091,-0.1477,-0.8339,0.1428,0.859
13.457783,-0.1477,-0.8339,0.1428,0.859
13.479859,0.3638,-1.0417,0.4726,1.200
13.481269,0.3638,-1.0417,0.4726,1.200
13.496905,0.4060,-1.8589,0.4532,1.956
13.498909,0.4060,-1.8589,0.4532,1.956
13.515528,0.3223,-2.4152,0.4367,2.475
13.517494,0.3223,-2.4152,0.4367,2.475
13.535793,0.3220,-2.5573,0.2113,2.586
13.537508,0.3220,-2.5573,0.2113,2.586
13.560987,0.3857,-2.2099,0.2411,2.256
13.562149,0.3857,-2.2099,0.2411,2.256
13.575982,0.3587,-2.3301,0.2784,2.374
13.578174,0.3587,-2.3301,0.2784,2.374
13.595902,-0.1445,-1.9292,0.7510,2.075
13.597630,-0.1445,-1.9292,0.7510,2.075
13.615465,-0.0467,-1.4611,1.2064,1.895
13.617681,-0.0467,-1.4611,1.2064,1.895
13.636487,-0.0078,-0.6656,0.8396,1.071
13.638732,-0.0078,-0.6656,0.8396,1.071
13.656828,0.4540,-0.0776,0.0342,0.462
13.658380,0.4540,-0.0776,0.0342,0.462
13.679639,0.4103,-0.3969,-0.1731,0.596
13.681241,0.4103,-0.3969,-0.1731,0.596
13.705884,-0.1794,-0.9740,0.3947,1.066
13.707403,-0.1794,-0.9740,0.3947,1.066
13.715703,-0.8523,-0.9571,0.8418,1.533
13.717103,-0.8523,-0.9571,0.8418,1.533
13.735503,-0.6176,-0.4806,0.3046,0.840
13.736907,-0.6176,-0.4806,0.3046,0.840
13.755978,-0.3419,0.7514,-0.6762,1.067
13.757436,-0.3419,0.7514,-0.6762,1.067
13.775466,-0.3219,1.9700,-0.4220,2.040
13.776433,-0.3219,1.9700,-0.4220,2.040
13.795561,-0.9271,1.8288,-0.4839,2.107
13.796639,-0.9271,1.8288,-0.4839,2.107
13.817260,-0.9875,1.0845,-0.9724,1.760
13.820052,-0.9875,1.0845,-0.9724,1.760
13.840667,-0.9456,0.0758,-1.5831,1.846
13.842038,-0.9456,0.0758,-1.5831,1.846
13.856881,-1.0262,-0.0306,0.9263,1.383
13.859465,-1.0262,-0.0306,0.9263,1.383
13.875558,-1.1110,2.6775,0.6905,2.980
13.877052,-1.1110,2.6775,0.6905,2.980
13.896816,-1.3683,5.4639,1.1193,5.743
13.899495,-1.3683,5.4639,1.1193,5.743
13.915597,-1.2192,6.9348,-1.9451,7.305
13.917856,-1.2192,6.9348,-1.9451,7.305
13.936050,0.0268,2.6487,-0.4760,2.691
13.937645,0.0268,2.6487,-0.4760,2.691
13.956334,-0.3504,0.2298,2.0842,2.126
13.957796,-0.3504,0.2298,2.0842,2.126
13.977342,-0.1259,0.0141,1.0106,1.018
13.978680,-0.1259,0.0141,1.0106,1.018
13.996061,2.2761,0.3736,0.4226,2.345
13.998348,2.2761,0.3736,0.4226,2.345
14.016120,1.2397,0.2888,0.3848,1.330
14.019892,1.2397,0.2888,0.3848,1.330
14.036296,-0.1123,-0.5911,0.8753,1.062
14.037922,-0.1123,-0.5911,0.8753,1.062
14.056810,-0.3696,-1.7469,0.7165,1.924
14.058621,-0.3696,-1.7469,0.7165,1.924
14.075430,-0.2217,-2.4820,-0.1127,2.494
14.076643,-0.2217,-2.4820,-0.1127,2.494
14.097247,-0.5341,-2.6567,-0.2215,2.719
14.103232,-0.5341,-2.6567,-0.2215,2.719
14.127238,-0.7083,-2.5692,0.2185,2.674
14.128998,-0.7083,-2.5692,0.2185,2.674
14.136131,-0.4920,-2.3965,-0.1116,2.449
14.137550,-0.4920,-2.3965,-0.1116,2.449
14.155865,-0.2103,-2.2565,-0.5576,2.334
14.157326,-0.2103,-2.2565,-0.5576,2.334
14.175595,-0.3230,-1.6169,-0.6842,1.785
14.176686,-0.3230,-1.6169,-0.6842,1.785
14.195317,-0.3976,-1.1132,0.0539,1.183
14.197066,-0.3976,-1.1132,0.0539,1.183
14.215506,-0.2391,-0.7386,0.4635,0.904
14.216575,-0.2391,-0.7386,0.4635,0.904
14.236103,0.1844,-0.2260,-0.1476,0.327
14.237496,0.1844,-0.2260,-0.1476,0.327
14.266323,0.1561,0.2221,-0.0474,0.276
14.267962,0.1561,0.2221,-0.0474,0.276
14.276297,0.1183,-0.0280,0.1975,0.232
14.277966,0.1183,-0.0280,0.1975,0.232
14.295695,-0.2283,-0.3227,0.0274,0.396
14.297009,-0.2283,-0.3227,0.0274,0.396
14.315806,0.0141,-0.0155,0.1445,0.146
14.319019,0.0141,-0.0155,0.1445,0.146
14.335570,-0.0777,0.4645,0.6214,0.780
14.336936,-0.0777,0.4645,0.6214,0.780
14.363764,0.2240,-0.0330,0.2337,0.325
14.365578,0.2240,-0.0330,0.2337,0.325
14.395702,1.5107,-0.3239,-1.4044,2.088
14.397437,1.5107,-0.3239,-1.4044,2.088
14.397922,1.9603,-0.4042,0.2848,2.022
14.398282,1.9603,-0.4042,0.2848,2.022
14.416563,-0.0849,0.2275,-0.3065,0.391
14.419350,-0.0849,0.2275,-0.3065,0.391
14.436714,-1.1921,1.0767,-2.2480,2.763
14.439992,-1.1921,1.0767,-2.2480,2.763
14.456731,1.8740,3.7912,-1.5352,4.499
14.458522,1.8740,3.7912,-1.5352,4.499
14.475553,2.0692,6.2535,-0.0157,6.587
14.477445,2.0692,6.2535,-0.0157,6.587
14.495888,-1.1116,6.3576,-1.9148,6.732
14.497489,-1.1116,6.3576,-1.9148,6.732
14.515548,1.7152,2.0294,-0.9023,2.806
14.517891,1.7152,2.0294,-0.9023,2.806
14.544683,1.7922,-1.2349,2.9188,3.641
14.546342,1.7922,-1.2349,2.9188,3.641
14.557383,0.1351,-2.2372,1.6991,2.813
14.559813,0.1351,-2.2372,1.6991,2.813
14.575249,-0.5891,-1.4067,0.1108,1.529
14.576557,-0.5891,-1.4067,0.1108,1.529
14.596558,-0.9136,-0.9485,-0.3238,1.356
14.598788,-0.9136,-0.9485,-0.3238,1.356
14.615579,-0.8837,-0.6976,-0.1020,1.131
14.617480,-0.8837,-0.6976,-0.1020,1.131
14.635611,-0.0276,-1.4287,0.7758,1.626
14.636688,-0.0276,-1.4287,0.7758,1.626
14.655065,-0.0690,-1.7989,0.4224,1.849
14.656433,-0.0690,-1.7989,0.4224,1.849
14.681158,-0.2320,-1.8285,-0.0228,1.843
14.682643,-0.2320,-1.8285,-0.0228,1.843
14.695529,-0.1724,-2.1124,-0.7737,2.256
14.697499,-0.1724,-2.1124,-0.7737,2.256
14.715277,-0.5006,-2.5145,-0.6735,2.651
14.716654,-0.5006,-2.5145,-0.6735,2.651
14.735399,-0.5031,-2.4544,0.5025,2.555
14.737309,-0.5031,-2.4544,0.5025,2.555
14.754907,-0.1852,-1.7338,0.4819,1.809
14.756446,-0.1852,-1.7338,0.4819,1.809
14.775530,1.3851,-1.5128,-0.6800,2.161
14.776389,1.3851,-1.5128,-0.6800,2.161
14.795971,1.2836,-1.1652,-1.1787,2.096
14.797702,1.2836,-1.1652,-1.1787,2.096
14.829632,-0.1691,-0.4859,-0.3116,0.602
14.831215,-0.1691,-0.4859,-0.3116,0.602
14.835404,-1.5411,1.8505,-0.3597,2.435
14.836501,-1.5411,1.8505,-0.3597,2.435
14.854581,-4.2966,4.8320,-1.6909,6.683
14.856342,-4.2966,4.8320,-1.6909,6.683
14.875781,-4.3468,4.7225,-4.2824,7.716
14.877926,-4.3468,4.7225,-4.2824,7.716
14.896059,0.2251,2.4744,-3.1476,4.010
14.898784,0.2251,2.4744,-3.1476,4.010
14.915444,5.0992,1.1452,3.2177,6.137
14.917062,5.0992,1.1452,3.2177,6.137
14.936195,5.4309,3.0830,0.8259,6.299
14.938950,5.4309,3.0830,0.8259,6.299
14.954749,1.3025,5.0228,-0.4885,5.212
14.955875,1.3025,5.0228,-0.4885,5.212
14.975811,-2.0361,6.3138,-1.6060,6.826
14.977975,-2.0361,6.3138,-1.6060,6.826
14.995854,-1.9392,4.0033,-0.4201,4.468
14.998294,-1.9392,4.0033,-0.4201,4.468
15.016026,-0.1028,2.3440,1.1744,2.624
15.019248,-0.1028,2.3440,1.1744,2.624
15.034762,0.8419,1.4407,1.1041,2.001
15.036427,0.8419,1.4407,1.1041,2.001
15.054109,-0.1203,-0.5613,-0.6592,0.874
15.055171,-0.1203,-0.5613,-0.6592,0.874
15.075172,-0.1540,-1.5202,0.2359,1.546
15.076649,-0.1540,-1.5202,0.2359,1.546
15.094980,-1.5790,-1.0676,0.8976,2.107
15.096087,-1.5790,-1.0676,0.8976,2.107
15.115030,-0.9226,-1.1316,0.3244,1.496
15.118940,-0.9226,-1.1316,0.3244,1.496
15.135488,0.3819,-1.1634,-0.2751,1.255
15.137068,0.3819,-1.1634,-0.2751,1.255
15.154526,1.4567,-1.1339,-0.1055,1.849
15.155977,1.4567,-1.1339,-0.1055,1.849
15.174942,0.1296,-0.8063,0.0624,0.819
15.176449,0.1296,-0.8063,0.0624,0.819
15.195053,-1.2134,-0.0347,0.3959,1.277
15.196607,-1.2134,-0.0347,0.3959,1.277
15.214775,-1.7095,0.7519,0.0210,1.868
15.216581,-1.7095,0.7519,0.0210,1.868
15.246604,-2.4822,2.3251,-0.2944,3.414
15.248329,-2.4822,2.3251,-0.2944,3.414
15.255246,0.3675,1.5361,1.9158,2.483
15.256227,0.3675,1.5361,1.9158,2.483
15.274776,0.5594,0.0171,2.1764,2.247
15.276530,0.5594,0.0171,2.1764,2.247
15.296650,0.5160,-1.7066,-1.3459,2.234
15.298377,0.5160,-1.7066,-1.3459,2.234
15.314969,0.9963,-2.7870,0.1797,2.965
15.316671,0.9963,-2.7870,0.1797,2.965
15.334919,0.5420,-1.1119,2.4766,2.768
15.336376,0.5420,-1.1119,2.4766,2.768
15.354660,0.4388,0.7624,0.6357,1.085
15.356091,0.4388,0.7624,0.6357,1.085
15.379976,-0.5216,0.6866,-1.0376,1.349
15.381539,-0.5216,0.6866,-1.0376,1.349
15.394870,-0.5284,0.3893,-0.2414,0.699
15.397249,-0.5284,0.3893,-0.2414,0.699
15.414798,0.4611,-0.2015,1.9734,2.037
15.416150,0.4611,-0.2015,1.9734,2.037
15.434935,0.4803,-0.3076,1.3209,1.439
15.436526,0.4803,-0.3076,1.3209,1.439
15.454108,0.1846,-0.3910,0.0005,0.432
15.455576,0.1846,-0.3910,0.0005,0.432
15.474516,-0.1091,-0.1299,-0.5609,0.586
15.475513,-0.1091,-0.1299,-0.5609,0.586
15.495679,0.3332,-0.0805,-0.4448,0.562
15.497424,0.3332,-0.0805,-0.4448,0.562
15.527242,0.3316,-0.1011,0.2818,0.447
15.528772,0.3316,-0.1011,0.2818,0.447
15.535507,0.4482,0.1103,0.6135,0.768
15.537156,0.4482,0.1103,0.6135,0.768
15.556082,-0.2912,0.2215,-0.0757,0.374
15.557438,-0.2912,0.2215,-0.0757,0.374
15.574532,-0.5130,0.0469,-0.9340,1.067
15.575753,-0.5130,0.0469,-0.9340,1.067
15.595351,0.2040,-0.1335,-0.9384,0.970
15.601747,0.2040,-0.1335,-0.9384,0.970
15.614980,0.4309,-0.1038,-0.0303,0.444
15.616061,0.4309,-0.1038,-0.0303,0.444
15.635366,0.0107,-0.1953,0.3188,0.374
15.637224,0.0107,-0.1953,0.3188,0.374
15.657437,-0.0746,0.3117,-2.0577,2.083
15.659519,-0.0746,0.3117,-2.0577,2.083
15.674590,-0.6573,0.2377,0.0255,0.699
15.676014,-0.6573,0.2377,0.0255,0.699
15.695824,-0.6524,0.3223,0.4128,0.837
15.697680,-0.6524,0.3223,0.4128,0.837
15.714316,-0.0402,0.1873,0.1055,0.219
15.715895,-0.0402,0.1873,0.1055,0.219
15.736128,0.0406,0.1604,0.1990,0.259
15.738195,0.0406,0.1604,0.1990,0.259
15.757550,0.3584,-0.0865,0.3942,0.540
15.758207,0.3584,-0.0865,0.3942,0.540
15.786896,0.2062,0.2951,0.1980,0.411
15.789354,0.2062,0.2951,0.1980,0.411
15.801498,0.0255,0.1785,-0.9047,0.923
15.803243,0.0255,0.1785,-0.9047,0.923
